{
  "scenario": "All 200 Scenarios",
  "prototype_scenario": "Scenario 1",
  "scenario_count": 200,
  "train_count": 160,
  "test_count": 40,
  "N": 10,
  "M": 10,
  "feasibility": {
    "train_feasible": 160,
    "train_infeasible": 0,
    "train_infeasible_indices": [],
    "test_feasible": 40,
    "test_infeasible": 0,
    "test_infeasible_indices": []
  },
  "ilp": {
    "ar": 0.543749,
    "ar_per_scenario": [
      0.581091,
      0.550032,
      0.601824,
      0.582929,
      0.534943,
      0.539892,
      0.522528,
      0.621638,
      0.539317,
      0.542492,
      0.515182,
      0.598582,
      0.438838,
      0.656426,
      0.505337,
      0.627019,
      0.594287,
      0.364648,
      0.448526,
      0.536016,
      0.569335,
      0.552273,
      0.601199,
      0.507153,
      0.499795,
      0.405757,
      0.589901,
      0.539665,
      0.558159,
      0.475655,
      0.541134,
      0.60275,
      0.624954,
      0.400978,
      0.45702,
      0.529243,
      0.565314,
      0.624304,
      0.596191,
      0.607642
    ],
    "violations": 0
  },
  "lagrange_ppo": {
    "ar_mean": 0.537774,
    "ar_std": 0.057716,
    "conflict_viol_rate_mean": 0.0,
    "cap_viol_total": 0,
    "conflict_viol_total": 0
  },
  "training": {
    "total_steps": 5000000,
    "n_episodes": 500528,
    "ar_last50": 0.520076,
    "viol_last50": 0.0,
    "final_lambda": 1.3104,
    "eval_lambda": 1.3104
  }
}