{
  "scenario": "All 200 Scenarios",
  "prototype_scenario": "Scenario 13",
  "scenario_count": 200,
  "train_count": 128,
  "test_count": 32,
  "N": 10,
  "M": 15,
  "ilp": {
    "ar": 0.73903,
    "ar_per_scenario": [
      0.667782,
      0.81157,
      0.675551,
      0.725615,
      0.735381,
      0.697615,
      0.96785,
      0.768948,
      0.788865,
      0.751991,
      0.75503,
      0.755701,
      0.742557,
      0.878045,
      0.73507,
      0.781101,
      0.791606,
      0.715127,
      0.791077,
      0.677898,
      0.787416,
      0.72589,
      0.613484,
      0.687212,
      0.64508,
      0.728789,
      0.746433,
      0.75662,
      0.64742,
      0.793242,
      0.689071,
      0.752936
    ],
    "violations": 0
  },
  "dqn": {
    "ar_mean": 0.67196,
    "ar_std": 0.059079,
    "placed_mean": 15.0,
    "viol_rate": 0.8438,
    "cap_viol_total": 27,
    "conflict_viol_total": 35
  },
  "training": {
    "total_steps": 500000,
    "n_episodes": 33330,
    "ar_last50": 0.67232,
    "reward_last50": 4.252967,
    "viol_rate_last50": 0.72
  }
}