{
  "N": 10,
  "M": 10,
  "eval_eps": 300,
  "random": {
    "ar_mean": 0.497853,
    "ar_std": 0.113385,
    "ar_max": 0.861505,
    "ar_min": 0.279179,
    "viol_per_ep_mean": 5.5967,
    "viol_rate_mean": 0.559667
  },
  "ppo": {
    "ar_mean": 0.589018,
    "ar_std": 0.234563,
    "ar_max": 1.253333,
    "ar_min": 0.191892,
    "viol_per_ep_mean": 15.19,
    "viol_rate_mean": 1.519
  }
}