{
  "scenario": "Scenario 1",
  "N": 10,
  "M": 10,
  "ilp": {
    "ar": 0.540177,
    "ar_per_scenario": [
      0.502242,
      0.704217,
      0.388265,
      0.553402,
      0.540142,
      0.51986,
      0.534763,
      0.615734,
      0.5868,
      0.622125,
      0.463695,
      0.517538,
      0.493356,
      0.681814,
      0.513717,
      0.650368,
      0.536853,
      0.54928,
      0.550235,
      0.437065,
      0.513161,
      0.482155,
      0.491328,
      0.436695,
      0.515837,
      0.439626,
      0.600039,
      0.391641,
      0.377863,
      0.60306,
      0.579329,
      0.611104,
      0.490981,
      0.352336,
      0.549014,
      0.595732,
      0.568365,
      0.563994,
      0.51372,
      0.636933,
      0.424191,
      0.431751,
      0.500589,
      0.582621,
      0.550908,
      0.542541,
      0.517638,
      0.525515,
      0.48825,
      0.592658,
      0.57972,
      0.628159,
      0.50039,
      0.568698,
      0.550478,
      0.527938,
      0.53201,
      0.555653,
      0.596276,
      0.495592,
      0.36629,
      0.513206,
      0.622361,
      0.615746,
      0.439767,
      0.510443,
      0.483829,
      0.572326,
      0.494267,
      0.563658,
      0.503712,
      0.513249,
      0.541307,
      0.586076,
      0.538706,
      0.354791,
      0.678388,
      0.496957,
      0.597633,
      0.468889,
      0.528445,
      0.54992,
      0.598954,
      0.528445,
      0.600799,
      0.712158,
      0.558754,
      0.499118,
      0.573594,
      0.490695,
      0.561632,
      0.587735,
      0.466777,
      0.651204,
      0.489146,
      0.679964,
      0.446934,
      0.387057,
      0.447744,
      0.672807,
      0.576026,
      0.407835,
      0.447673,
      0.445778,
      0.482187,
      0.561351,
      0.533244,
      0.471833,
      0.694033,
      0.598021,
      0.492936,
      0.635352,
      0.54647,
      0.615212,
      0.504045,
      0.62874,
      0.670235,
      0.5151,
      0.61737,
      0.596371,
      0.518679,
      0.572638,
      0.632718,
      0.671322,
      0.619517,
      0.603583,
      0.530656,
      0.594139,
      0.527992,
      0.46287,
      0.50284,
      0.48686,
      0.559668,
      0.446314,
      0.441179,
      0.661025,
      0.56607,
      0.610169,
      0.635834,
      0.446696,
      0.665582,
      0.582039,
      0.435833,
      0.557338,
      0.523298,
      0.447671,
      0.472938,
      0.472985,
      0.693754,
      0.577368,
      0.668114,
      0.414641,
      0.540239,
      0.439056,
      0.642007,
      0.544062,
      0.623014,
      0.538637,
      0.537117,
      0.554829,
      0.604066,
      0.423754,
      0.51234,
      0.4883,
      0.576494,
      0.509524,
      0.581888,
      0.510766,
      0.525071,
      0.584632,
      0.387694,
      0.453188,
      0.559084,
      0.521509,
      0.510329,
      0.417759,
      0.479412,
      0.594013,
      0.665589,
      0.560672,
      0.537224,
      0.583052,
      0.487588,
      0.589778,
      0.601176,
      0.55635,
      0.633817,
      0.558378,
      0.540892,
      0.416386,
      0.532758,
      0.539502,
      0.575158,
      0.490294,
      0.579567,
      0.551191,
      0.56033,
      0.572023,
      0.575795,
      0.567592
    ],
    "violations": 0
  },
  "random": {
    "ar_mean": 0.631859,
    "ar_std": 0.105167,
    "viol_rate_mean": 0.4
  },
  "lagrange_ppo": {
    "ar_mean": 0.475325,
    "ar_std": 0.070361,
    "viol_rate_mean": 0.0
  },
  "training": {
    "total_steps": 1000000,
    "n_episodes": 100320,
    "ar_last50": 0.470535,
    "viol_last50": 0.0,
    "final_lambda": 10.0,
    "eval_lambda": 10.0
  }
}