{
  "scenario": "All 200 Scenarios",
  "prototype_scenario": "Scenario 1",
  "scenario_count": 200,
  "train_count": 160,
  "test_count": 40,
  "N": 15,
  "M": 10,
  "feasibility": {
    "train_feasible": 160,
    "train_infeasible": 0,
    "train_infeasible_indices": [],
    "test_feasible": 40,
    "test_infeasible": 0,
    "test_infeasible_indices": []
  },
  "ilp": {
    "ar": 0.613674,
    "ar_per_scenario": [
      0.495133,
      0.631952,
      0.540667,
      0.497242,
      0.648118,
      0.71935,
      0.739244,
      0.613838,
      0.558778,
      0.762448,
      0.484914,
      0.549681,
      0.658224,
      0.772531,
      0.645213,
      0.682058,
      0.612185,
      0.591624,
      0.585337,
      0.553947,
      0.624691,
      0.441176,
      0.65175,
      0.743274,
      0.556474,
      0.56191,
      0.591066,
      0.573745,
      0.630917,
      0.57142,
      0.703561,
      0.721258,
      0.547124,
      0.602605,
      0.624071,
      0.541518,
      0.706387,
      0.581751,
      0.625672,
      0.604106
    ],
    "violations": 0
  },
  "lagrange_ppo": {
    "ar_mean": 0.618821,
    "ar_std": 0.06736,
    "conflict_viol_rate_mean": 0.0,
    "cap_viol_total": 0,
    "conflict_viol_total": 0
  },
  "training": {
    "total_steps": 500000,
    "n_episodes": 50784,
    "ar_last50": 0.601029,
    "viol_last50": 0.0,
    "final_lambda": 0.8109,
    "eval_lambda": 0.8109
  }
}