{
  "scenario": "All 200 Scenarios",
  "prototype_scenario": "Scenario 1",
  "scenario_count": 200,
  "train_count": 160,
  "test_count": 40,
  "N": 10,
  "M": 10,
  "feasibility": {
    "train_feasible": 160,
    "train_infeasible": 0,
    "train_infeasible_indices": [],
    "test_feasible": 40,
    "test_infeasible": 0,
    "test_infeasible_indices": []
  },
  "ilp": {
    "ar": 0.532098,
    "ar_per_scenario": [
      0.442466,
      0.629921,
      0.607265,
      0.573933,
      0.413666,
      0.507153,
      0.505475,
      0.531822,
      0.507409,
      0.432,
      0.524595,
      0.564491,
      0.624304,
      0.544278,
      0.570074,
      0.514021,
      0.598582,
      0.575126,
      0.448526,
      0.589901,
      0.465797,
      0.539665,
      0.565963,
      0.381701,
      0.474325,
      0.597127,
      0.481284,
      0.638173,
      0.516683,
      0.557394,
      0.490309,
      0.656108,
      0.405757,
      0.643625,
      0.409744,
      0.528291,
      0.562905,
      0.486897,
      0.637291,
      0.539892
    ],
    "violations": 0
  },
  "ppo": {
    "ar_mean": 0.875205,
    "ar_std": 0.059868,
    "conflict_viol_rate_mean": 0.37,
    "cap_viol_total": 0,
    "conflict_viol_total": 148
  },
  "training": {
    "total_steps": 500000,
    "n_episodes": 50160,
    "ar_last50": 0.912204,
    "viol_rate_last50": 0.36
  }
}