{
  "scenario": "All 200 Scenarios",
  "prototype_scenario": "Scenario 13",
  "scenario_count": 200,
  "train_count": 128,
  "test_count": 32,
  "N": 10,
  "M": 15,
  "ilp": {
    "ar": 0.73899,
    "ar_per_scenario": [
      0.761327,
      0.623082,
      0.73636,
      0.866152,
      0.731785,
      0.782857,
      0.764035,
      0.705687,
      0.786407,
      0.727744,
      0.747424,
      0.877141,
      0.633941,
      0.678326,
      0.653321,
      0.755211,
      0.675551,
      0.595505,
      0.746433,
      0.791606,
      0.791077,
      0.638406,
      0.77301,
      0.677597,
      0.833019,
      0.730961,
      0.695072,
      0.707184,
      0.853792,
      0.714842,
      0.742557,
      0.85028
    ],
    "violations": 0
  },
  "lagrange_ppo": {
    "ar_mean": 0.669494,
    "ar_std": 0.089703,
    "viol_rate_mean": 0.06875,
    "cap_viol_total": 11,
    "conflict_viol_total": 22
  },
  "training": {
    "total_steps": 5000000,
    "n_episodes": 333680,
    "ar_last50": 0.685406,
    "viol_last50": 0.004,
    "final_lambda": 5.9738,
    "eval_lambda": 5.9738
  }
}