{
  "scenario": "All 200 Scenarios",
  "prototype_scenario": "Scenario 1",
  "scenario_count": 200,
  "train_count": 160,
  "test_count": 40,
  "N": 15,
  "M": 10,
  "feasibility": {
    "train_feasible": 160,
    "train_infeasible": 0,
    "train_infeasible_indices": [],
    "test_feasible": 40,
    "test_infeasible": 0,
    "test_infeasible_indices": []
  },
  "ilp": {
    "ar": 0.633722,
    "ar_per_scenario": [
      0.548813,
      0.692672,
      0.740013,
      0.587836,
      0.600604,
      0.743274,
      0.531951,
      0.596465,
      0.622795,
      0.591885,
      0.668207,
      0.58062,
      0.581751,
      0.606413,
      0.648899,
      0.642031,
      0.549681,
      0.568898,
      0.585337,
      0.591066,
      0.57507,
      0.573745,
      0.675333,
      0.798178,
      0.621461,
      0.750996,
      0.691244,
      0.719518,
      0.622822,
      0.665562,
      0.727398,
      0.634938,
      0.56191,
      0.649002,
      0.626181,
      0.6479,
      0.62026,
      0.558706,
      0.630086,
      0.71935
    ],
    "violations": 0
  },
  "ddqn": {
    "ar_mean": 0.612925,
    "ar_std": 0.068369,
    "placed_mean": 10.0,
    "viol_rate": 0.0,
    "cap_viol_total": 0,
    "conflict_viol_total": 0
  },
  "training": {
    "total_steps": 500000,
    "n_episodes": 49992,
    "ar_last50": 0.604112,
    "reward_last50": 6.62926,
    "viol_rate_last50": 0.0
  }
}